lib,impl,dtype,cache,M,K,N,threads,KiB,reps,perf,status,note
i8gemm,i8gemm_sve,bf16,L1,16,128,128,1,44.0,50,120.92,ok,
i8gemm,i8gemm_sve,i8,L1,16,128,128,1,26.0,50,133.86,ok,
i8gemm,i8gemm_neon,bf16,L1,16,128,128,1,44.0,50,149.73,ok,
i8gemm,i8gemm_neon,i8,L1,16,128,128,1,26.0,50,238.76,ok,
acl,acl_auto,bf16,L1,16,128,128,1,44.0,50,201.711,ok,selected=sve_hybrid_bf16fp32_mmla_6x4VL; compatible=sve_interleaved_bf16fp32_mmla_8x3VL|sve_hybrid_bf16fp32_mmla_6x4VL|sve_hybrid_bf16fp32_dot_6x4VL|sve_interleaved_bf16fp32_dot_8x3VL|a64_hybrid_bf16fp32_mmla_6x16|a64_interleaved_bf16fp32_mmla_8x12|a64_hybrid_bf16fp32_dot_6x16|a64_interleaved_bf16fp32_dot_8x12|a64_sgemm_8x12
acl,acl_auto,i8,L1,16,128,128,1,26.0,50,290.588,ok,selected=sve_hybrid_s8s32_mmla_6x4VL; compatible=sve_hybrid_s8s32_mmla_6x4VL|sve_interleaved_s8s32_mmla_8x3VL|sve_hybrid_s8s32_dot_6x4VL|sve_interleaved_s8s32_dot_8x3VL|a64_interleaved_s8s32_mmla_8x12|a64_hybrid_s8s32_mmla_6x16|a64_gemm_s16_8x12|a64_hybrid_s8s32_dot_6x16|a64_gemm_s8_8x12|a64_gemm_s8_4x4
kleidiai,kleidiai_bf16_neon_mmla,bf16,L1,16,128,128,1,45.5,50,187.830,ok,fixed=kai_matmul_clamp_f32_bf16p8x4_bf16p12x4b_8x12_neon_mmla; instr=bfmmla; omp=m_blocks
kleidiai,kleidiai_i8_neon_i8mm,i8,L1,16,128,128,1,27.6,50,200.367,ok,fixed=kai_matmul_clamp_f32_qai8dxp4x8_qsi8cxp4x8_16x4_neon_i8mm; instr=smmla; output=f32_dequant; omp=m_blocks
i8gemm,i8gemm_sve,bf16,L1,16,128,128,2,44.0,50,82.79,ok,
i8gemm,i8gemm_sve,i8,L1,16,128,128,2,26.0,50,68.80,ok,
i8gemm,i8gemm_neon,bf16,L1,16,128,128,2,44.0,50,129.01,ok,
i8gemm,i8gemm_neon,i8,L1,16,128,128,2,26.0,50,163.80,ok,
acl,acl_auto,bf16,L1,16,128,128,2,44.0,50,165.988,ok,selected=sve_hybrid_bf16fp32_mmla_6x4VL; compatible=sve_interleaved_bf16fp32_mmla_8x3VL|sve_hybrid_bf16fp32_mmla_6x4VL|sve_hybrid_bf16fp32_dot_6x4VL|sve_interleaved_bf16fp32_dot_8x3VL|a64_hybrid_bf16fp32_mmla_6x16|a64_interleaved_bf16fp32_mmla_8x12|a64_hybrid_bf16fp32_dot_6x16|a64_interleaved_bf16fp32_dot_8x12|a64_sgemm_8x12
acl,acl_auto,i8,L1,16,128,128,2,26.0,50,207.767,ok,selected=sve_hybrid_s8s32_mmla_6x4VL; compatible=sve_hybrid_s8s32_mmla_6x4VL|sve_interleaved_s8s32_mmla_8x3VL|sve_hybrid_s8s32_dot_6x4VL|sve_interleaved_s8s32_dot_8x3VL|a64_interleaved_s8s32_mmla_8x12|a64_hybrid_s8s32_mmla_6x16|a64_gemm_s16_8x12|a64_hybrid_s8s32_dot_6x16|a64_gemm_s8_8x12|a64_gemm_s8_4x4
kleidiai,kleidiai_bf16_neon_mmla,bf16,L1,16,128,128,2,45.5,50,146.489,ok,fixed=kai_matmul_clamp_f32_bf16p8x4_bf16p12x4b_8x12_neon_mmla; instr=bfmmla; omp=m_blocks
kleidiai,kleidiai_i8_neon_i8mm,i8,L1,16,128,128,2,27.6,50,133.827,ok,fixed=kai_matmul_clamp_f32_qai8dxp4x8_qsi8cxp4x8_16x4_neon_i8mm; instr=smmla; output=f32_dequant; omp=m_blocks
i8gemm,i8gemm_sve,bf16,L1,16,128,128,4,44.0,50,85.40,ok,
i8gemm,i8gemm_sve,i8,L1,16,128,128,4,26.0,50,67.12,ok,
i8gemm,i8gemm_neon,bf16,L1,16,128,128,4,44.0,50,120.86,ok,
i8gemm,i8gemm_neon,i8,L1,16,128,128,4,26.0,50,109.74,ok,
acl,acl_auto,bf16,L1,16,128,128,4,44.0,50,174.081,ok,selected=sve_hybrid_bf16fp32_mmla_6x4VL; compatible=sve_interleaved_bf16fp32_mmla_8x3VL|sve_hybrid_bf16fp32_mmla_6x4VL|sve_hybrid_bf16fp32_dot_6x4VL|sve_interleaved_bf16fp32_dot_8x3VL|a64_hybrid_bf16fp32_mmla_6x16|a64_interleaved_bf16fp32_mmla_8x12|a64_hybrid_bf16fp32_dot_6x16|a64_interleaved_bf16fp32_dot_8x12|a64_sgemm_8x12
acl,acl_auto,i8,L1,16,128,128,4,26.0,50,178.334,ok,selected=sve_hybrid_s8s32_mmla_6x4VL; compatible=sve_hybrid_s8s32_mmla_6x4VL|sve_interleaved_s8s32_mmla_8x3VL|sve_hybrid_s8s32_dot_6x4VL|sve_interleaved_s8s32_dot_8x3VL|a64_interleaved_s8s32_mmla_8x12|a64_hybrid_s8s32_mmla_6x16|a64_gemm_s16_8x12|a64_hybrid_s8s32_dot_6x16|a64_gemm_s8_8x12|a64_gemm_s8_4x4
kleidiai,kleidiai_bf16_neon_mmla,bf16,L1,16,128,128,4,45.5,50,107.756,ok,fixed=kai_matmul_clamp_f32_bf16p8x4_bf16p12x4b_8x12_neon_mmla; instr=bfmmla; omp=m_blocks
kleidiai,kleidiai_i8_neon_i8mm,i8,L1,16,128,128,4,27.6,50,106.193,ok,fixed=kai_matmul_clamp_f32_qai8dxp4x8_qsi8cxp4x8_16x4_neon_i8mm; instr=smmla; output=f32_dequant; omp=m_blocks
i8gemm,i8gemm_sve,bf16,L1,16,128,128,8,44.0,50,58.79,ok,
i8gemm,i8gemm_sve,i8,L1,16,128,128,8,26.0,50,70.32,ok,
i8gemm,i8gemm_neon,bf16,L1,16,128,128,8,44.0,50,124.73,ok,
i8gemm,i8gemm_neon,i8,L1,16,128,128,8,26.0,50,109.88,ok,
acl,acl_auto,bf16,L1,16,128,128,8,44.0,50,173.279,ok,selected=sve_hybrid_bf16fp32_mmla_6x4VL; compatible=sve_interleaved_bf16fp32_mmla_8x3VL|sve_hybrid_bf16fp32_mmla_6x4VL|sve_hybrid_bf16fp32_dot_6x4VL|sve_interleaved_bf16fp32_dot_8x3VL|a64_hybrid_bf16fp32_mmla_6x16|a64_interleaved_bf16fp32_mmla_8x12|a64_hybrid_bf16fp32_dot_6x16|a64_interleaved_bf16fp32_dot_8x12|a64_sgemm_8x12
acl,acl_auto,i8,L1,16,128,128,8,26.0,50,182.307,ok,selected=sve_hybrid_s8s32_mmla_6x4VL; compatible=sve_hybrid_s8s32_mmla_6x4VL|sve_interleaved_s8s32_mmla_8x3VL|sve_hybrid_s8s32_dot_6x4VL|sve_interleaved_s8s32_dot_8x3VL|a64_interleaved_s8s32_mmla_8x12|a64_hybrid_s8s32_mmla_6x16|a64_gemm_s16_8x12|a64_hybrid_s8s32_dot_6x16|a64_gemm_s8_8x12|a64_gemm_s8_4x4
kleidiai,kleidiai_bf16_neon_mmla,bf16,L1,16,128,128,8,45.5,50,75.843,ok,fixed=kai_matmul_clamp_f32_bf16p8x4_bf16p12x4b_8x12_neon_mmla; instr=bfmmla; omp=m_blocks
kleidiai,kleidiai_i8_neon_i8mm,i8,L1,16,128,128,8,27.6,50,67.429,ok,fixed=kai_matmul_clamp_f32_qai8dxp4x8_qsi8cxp4x8_16x4_neon_i8mm; instr=smmla; output=f32_dequant; omp=m_blocks
i8gemm,i8gemm_sve,bf16,L2,64,512,512,1,704.0,20,248.21,ok,
i8gemm,i8gemm_sve,i8,H2,64,512,512,1,416.0,20,441.31,ok,
i8gemm,i8gemm_neon,bf16,L2,64,512,512,1,704.0,20,165.78,ok,
i8gemm,i8gemm_neon,i8,H2,64,512,512,1,416.0,20,398.04,ok,
acl,acl_auto,bf16,L2,64,512,512,1,704.0,20,241.015,ok,selected=a64_interleaved_bf16fp32_mmla_8x12; compatible=sve_interleaved_bf16fp32_mmla_8x3VL|sve_hybrid_bf16fp32_mmla_6x4VL|sve_hybrid_bf16fp32_dot_6x4VL|sve_interleaved_bf16fp32_dot_8x3VL|a64_hybrid_bf16fp32_mmla_6x16|a64_interleaved_bf16fp32_mmla_8x12|a64_hybrid_bf16fp32_dot_6x16|a64_interleaved_bf16fp32_dot_8x12|a64_sgemm_8x12
acl,acl_auto,i8,H2,64,512,512,1,416.0,20,493.299,ok,selected=sve_interleaved_s8s32_mmla_8x3VL; compatible=sve_hybrid_s8s32_mmla_6x4VL|sve_interleaved_s8s32_mmla_8x3VL|sve_hybrid_s8s32_dot_6x4VL|sve_interleaved_s8s32_dot_8x3VL|a64_interleaved_s8s32_mmla_8x12|a64_hybrid_s8s32_mmla_6x16|a64_gemm_s16_8x12|a64_hybrid_s8s32_dot_6x16|a64_gemm_s8_8x12|a64_gemm_s8_4x4
kleidiai,kleidiai_bf16_neon_mmla,bf16,L2,64,512,512,1,710.0,20,232.402,ok,fixed=kai_matmul_clamp_f32_bf16p8x4_bf16p12x4b_8x12_neon_mmla; instr=bfmmla; omp=m_blocks
kleidiai,kleidiai_i8_neon_i8mm,i8,H2,64,512,512,1,422.5,20,414.614,ok,fixed=kai_matmul_clamp_f32_qai8dxp4x8_qsi8cxp4x8_16x4_neon_i8mm; instr=smmla; output=f32_dequant; omp=m_blocks
i8gemm,i8gemm_sve,bf16,L2,64,512,512,2,704.0,20,391.46,ok,
i8gemm,i8gemm_sve,i8,H2,64,512,512,2,416.0,20,541.71,ok,
i8gemm,i8gemm_neon,bf16,L2,64,512,512,2,704.0,20,305.15,ok,
i8gemm,i8gemm_neon,i8,H2,64,512,512,2,416.0,20,622.22,ok,
acl,acl_auto,bf16,L2,64,512,512,2,704.0,20,399.401,ok,selected=a64_interleaved_bf16fp32_mmla_8x12; compatible=sve_interleaved_bf16fp32_mmla_8x3VL|sve_hybrid_bf16fp32_mmla_6x4VL|sve_hybrid_bf16fp32_dot_6x4VL|sve_interleaved_bf16fp32_dot_8x3VL|a64_hybrid_bf16fp32_mmla_6x16|a64_interleaved_bf16fp32_mmla_8x12|a64_hybrid_bf16fp32_dot_6x16|a64_interleaved_bf16fp32_dot_8x12|a64_sgemm_8x12
acl,acl_auto,i8,H2,64,512,512,2,416.0,20,824.699,ok,selected=sve_interleaved_s8s32_mmla_8x3VL; compatible=sve_hybrid_s8s32_mmla_6x4VL|sve_interleaved_s8s32_mmla_8x3VL|sve_hybrid_s8s32_dot_6x4VL|sve_interleaved_s8s32_dot_8x3VL|a64_interleaved_s8s32_mmla_8x12|a64_hybrid_s8s32_mmla_6x16|a64_gemm_s16_8x12|a64_hybrid_s8s32_dot_6x16|a64_gemm_s8_8x12|a64_gemm_s8_4x4
kleidiai,kleidiai_bf16_neon_mmla,bf16,L2,64,512,512,2,710.0,20,373.830,ok,fixed=kai_matmul_clamp_f32_bf16p8x4_bf16p12x4b_8x12_neon_mmla; instr=bfmmla; omp=m_blocks
kleidiai,kleidiai_i8_neon_i8mm,i8,H2,64,512,512,2,422.5,20,662.662,ok,fixed=kai_matmul_clamp_f32_qai8dxp4x8_qsi8cxp4x8_16x4_neon_i8mm; instr=smmla; output=f32_dequant; omp=m_blocks
i8gemm,i8gemm_sve,bf16,L2,64,512,512,4,704.0,20,602.79,ok,
i8gemm,i8gemm_sve,i8,H2,64,512,512,4,416.0,20,649.67,ok,
i8gemm,i8gemm_neon,bf16,L2,64,512,512,4,704.0,20,491.67,ok,
i8gemm,i8gemm_neon,i8,H2,64,512,512,4,416.0,20,980.41,ok,
acl,acl_auto,bf16,L2,64,512,512,4,704.0,20,723.371,ok,selected=a64_interleaved_bf16fp32_mmla_8x12; compatible=sve_interleaved_bf16fp32_mmla_8x3VL|sve_hybrid_bf16fp32_mmla_6x4VL|sve_hybrid_bf16fp32_dot_6x4VL|sve_interleaved_bf16fp32_dot_8x3VL|a64_hybrid_bf16fp32_mmla_6x16|a64_interleaved_bf16fp32_mmla_8x12|a64_hybrid_bf16fp32_dot_6x16|a64_interleaved_bf16fp32_dot_8x12|a64_sgemm_8x12
acl,acl_auto,i8,H2,64,512,512,4,416.0,20,1408.662,ok,selected=sve_interleaved_s8s32_mmla_8x3VL; compatible=sve_hybrid_s8s32_mmla_6x4VL|sve_interleaved_s8s32_mmla_8x3VL|sve_hybrid_s8s32_dot_6x4VL|sve_interleaved_s8s32_dot_8x3VL|a64_interleaved_s8s32_mmla_8x12|a64_hybrid_s8s32_mmla_6x16|a64_gemm_s16_8x12|a64_hybrid_s8s32_dot_6x16|a64_gemm_s8_8x12|a64_gemm_s8_4x4
kleidiai,kleidiai_bf16_neon_mmla,bf16,L2,64,512,512,4,710.0,20,586.926,ok,fixed=kai_matmul_clamp_f32_bf16p8x4_bf16p12x4b_8x12_neon_mmla; instr=bfmmla; omp=m_blocks
kleidiai,kleidiai_i8_neon_i8mm,i8,H2,64,512,512,4,422.5,20,879.493,ok,fixed=kai_matmul_clamp_f32_qai8dxp4x8_qsi8cxp4x8_16x4_neon_i8mm; instr=smmla; output=f32_dequant; omp=m_blocks
i8gemm,i8gemm_sve,bf16,L2,64,512,512,8,704.0,20,741.23,ok,
i8gemm,i8gemm_sve,i8,H2,64,512,512,8,416.0,20,756.63,ok,
i8gemm,i8gemm_neon,bf16,L2,64,512,512,8,704.0,20,590.22,ok,
i8gemm,i8gemm_neon,i8,H2,64,512,512,8,416.0,20,1228.38,ok,
acl,acl_auto,bf16,L2,64,512,512,8,704.0,20,1208.728,ok,selected=sve_hybrid_bf16fp32_mmla_6x4VL; compatible=sve_interleaved_bf16fp32_mmla_8x3VL|sve_hybrid_bf16fp32_mmla_6x4VL|sve_hybrid_bf16fp32_dot_6x4VL|sve_interleaved_bf16fp32_dot_8x3VL|a64_hybrid_bf16fp32_mmla_6x16|a64_interleaved_bf16fp32_mmla_8x12|a64_hybrid_bf16fp32_dot_6x16|a64_interleaved_bf16fp32_dot_8x12|a64_sgemm_8x12
acl,acl_auto,i8,H2,64,512,512,8,416.0,20,2150.639,ok,selected=sve_hybrid_s8s32_mmla_6x4VL; compatible=sve_hybrid_s8s32_mmla_6x4VL|sve_interleaved_s8s32_mmla_8x3VL|sve_hybrid_s8s32_dot_6x4VL|sve_interleaved_s8s32_dot_8x3VL|a64_interleaved_s8s32_mmla_8x12|a64_hybrid_s8s32_mmla_6x16|a64_gemm_s16_8x12|a64_hybrid_s8s32_dot_6x16|a64_gemm_s8_8x12|a64_gemm_s8_4x4
kleidiai,kleidiai_bf16_neon_mmla,bf16,L2,64,512,512,8,710.0,20,846.454,ok,fixed=kai_matmul_clamp_f32_bf16p8x4_bf16p12x4b_8x12_neon_mmla; instr=bfmmla; omp=m_blocks
kleidiai,kleidiai_i8_neon_i8mm,i8,H2,64,512,512,8,422.5,20,822.372,ok,fixed=kai_matmul_clamp_f32_qai8dxp4x8_qsi8cxp4x8_16x4_neon_i8mm; instr=smmla; output=f32_dequant; omp=m_blocks
i8gemm,i8gemm_sve,bf16,GT_L2,512,1024,1024,1,5120.0,8,280.04,ok,
i8gemm,i8gemm_sve,i8,GT_L2,512,1024,1024,1,3584.0,8,529.67,ok,
i8gemm,i8gemm_neon,bf16,GT_L2,512,1024,1024,1,5120.0,8,163.16,ok,
i8gemm,i8gemm_neon,i8,GT_L2,512,1024,1024,1,3584.0,8,340.11,ok,
acl,acl_auto,bf16,GT_L2,512,1024,1024,1,5120.0,8,250.667,ok,selected=sve_interleaved_bf16fp32_mmla_8x3VL; compatible=sve_interleaved_bf16fp32_mmla_8x3VL|sve_hybrid_bf16fp32_mmla_6x4VL|sve_hybrid_bf16fp32_dot_6x4VL|sve_interleaved_bf16fp32_dot_8x3VL|a64_hybrid_bf16fp32_mmla_6x16|a64_interleaved_bf16fp32_mmla_8x12|a64_hybrid_bf16fp32_dot_6x16|a64_interleaved_bf16fp32_dot_8x12|a64_sgemm_8x12
acl,acl_auto,i8,GT_L2,512,1024,1024,1,3584.0,8,506.905,ok,selected=sve_interleaved_s8s32_mmla_8x3VL; compatible=sve_hybrid_s8s32_mmla_6x4VL|sve_interleaved_s8s32_mmla_8x3VL|sve_hybrid_s8s32_dot_6x4VL|sve_interleaved_s8s32_dot_8x3VL|a64_interleaved_s8s32_mmla_8x12|a64_hybrid_s8s32_mmla_6x16|a64_gemm_s16_8x12|a64_hybrid_s8s32_dot_6x16|a64_gemm_s8_8x12|a64_gemm_s8_4x4
kleidiai,kleidiai_bf16_neon_mmla,bf16,GT_L2,512,1024,1024,1,5140.0,8,237.190,ok,fixed=kai_matmul_clamp_f32_bf16p8x4_bf16p12x4b_8x12_neon_mmla; instr=bfmmla; omp=m_blocks
kleidiai,kleidiai_i8_neon_i8mm,i8,GT_L2,512,1024,1024,1,3600.0,8,437.627,ok,fixed=kai_matmul_clamp_f32_qai8dxp4x8_qsi8cxp4x8_16x4_neon_i8mm; instr=smmla; output=f32_dequant; omp=m_blocks
i8gemm,i8gemm_sve,bf16,GT_L2,512,1024,1024,2,5120.0,8,452.51,ok,
i8gemm,i8gemm_sve,i8,GT_L2,512,1024,1024,2,3584.0,8,859.30,ok,
i8gemm,i8gemm_neon,bf16,GT_L2,512,1024,1024,2,5120.0,8,312.61,ok,
i8gemm,i8gemm_neon,i8,GT_L2,512,1024,1024,2,3584.0,8,638.01,ok,
acl,acl_auto,bf16,GT_L2,512,1024,1024,2,5120.0,8,410.034,ok,selected=sve_interleaved_bf16fp32_mmla_8x3VL; compatible=sve_interleaved_bf16fp32_mmla_8x3VL|sve_hybrid_bf16fp32_mmla_6x4VL|sve_hybrid_bf16fp32_dot_6x4VL|sve_interleaved_bf16fp32_dot_8x3VL|a64_hybrid_bf16fp32_mmla_6x16|a64_interleaved_bf16fp32_mmla_8x12|a64_hybrid_bf16fp32_dot_6x16|a64_interleaved_bf16fp32_dot_8x12|a64_sgemm_8x12
acl,acl_auto,i8,GT_L2,512,1024,1024,2,3584.0,8,836.965,ok,selected=sve_interleaved_s8s32_mmla_8x3VL; compatible=sve_hybrid_s8s32_mmla_6x4VL|sve_interleaved_s8s32_mmla_8x3VL|sve_hybrid_s8s32_dot_6x4VL|sve_interleaved_s8s32_dot_8x3VL|a64_interleaved_s8s32_mmla_8x12|a64_hybrid_s8s32_mmla_6x16|a64_gemm_s16_8x12|a64_hybrid_s8s32_dot_6x16|a64_gemm_s8_8x12|a64_gemm_s8_4x4
kleidiai,kleidiai_bf16_neon_mmla,bf16,GT_L2,512,1024,1024,2,5140.0,8,329.038,ok,fixed=kai_matmul_clamp_f32_bf16p8x4_bf16p12x4b_8x12_neon_mmla; instr=bfmmla; omp=m_blocks
kleidiai,kleidiai_i8_neon_i8mm,i8,GT_L2,512,1024,1024,2,3600.0,8,684.837,ok,fixed=kai_matmul_clamp_f32_qai8dxp4x8_qsi8cxp4x8_16x4_neon_i8mm; instr=smmla; output=f32_dequant; omp=m_blocks
i8gemm,i8gemm_sve,bf16,GT_L2,512,1024,1024,4,5120.0,8,788.92,ok,
i8gemm,i8gemm_sve,i8,GT_L2,512,1024,1024,4,3584.0,8,1534.73,ok,
i8gemm,i8gemm_neon,bf16,GT_L2,512,1024,1024,4,5120.0,8,533.76,ok,
i8gemm,i8gemm_neon,i8,GT_L2,512,1024,1024,4,3584.0,8,1188.18,ok,
acl,acl_auto,bf16,GT_L2,512,1024,1024,4,5120.0,8,735.274,ok,selected=sve_interleaved_bf16fp32_mmla_8x3VL; compatible=sve_interleaved_bf16fp32_mmla_8x3VL|sve_hybrid_bf16fp32_mmla_6x4VL|sve_hybrid_bf16fp32_dot_6x4VL|sve_interleaved_bf16fp32_dot_8x3VL|a64_hybrid_bf16fp32_mmla_6x16|a64_interleaved_bf16fp32_mmla_8x12|a64_hybrid_bf16fp32_dot_6x16|a64_interleaved_bf16fp32_dot_8x12|a64_sgemm_8x12
acl,acl_auto,i8,GT_L2,512,1024,1024,4,3584.0,8,1495.531,ok,selected=sve_interleaved_s8s32_mmla_8x3VL; compatible=sve_hybrid_s8s32_mmla_6x4VL|sve_interleaved_s8s32_mmla_8x3VL|sve_hybrid_s8s32_dot_6x4VL|sve_interleaved_s8s32_dot_8x3VL|a64_interleaved_s8s32_mmla_8x12|a64_hybrid_s8s32_mmla_6x16|a64_gemm_s16_8x12|a64_hybrid_s8s32_dot_6x16|a64_gemm_s8_8x12|a64_gemm_s8_4x4
kleidiai,kleidiai_bf16_neon_mmla,bf16,GT_L2,512,1024,1024,4,5140.0,8,616.992,ok,fixed=kai_matmul_clamp_f32_bf16p8x4_bf16p12x4b_8x12_neon_mmla; instr=bfmmla; omp=m_blocks
kleidiai,kleidiai_i8_neon_i8mm,i8,GT_L2,512,1024,1024,4,3600.0,8,1231.966,ok,fixed=kai_matmul_clamp_f32_qai8dxp4x8_qsi8cxp4x8_16x4_neon_i8mm; instr=smmla; output=f32_dequant; omp=m_blocks
i8gemm,i8gemm_sve,bf16,GT_L2,512,1024,1024,8,5120.0,8,1331.83,ok,
i8gemm,i8gemm_sve,i8,GT_L2,512,1024,1024,8,3584.0,8,2261.36,ok,
i8gemm,i8gemm_neon,bf16,GT_L2,512,1024,1024,8,5120.0,8,790.64,ok,
i8gemm,i8gemm_neon,i8,GT_L2,512,1024,1024,8,3584.0,8,1942.24,ok,
acl,acl_auto,bf16,GT_L2,512,1024,1024,8,5120.0,8,1188.093,ok,selected=sve_interleaved_bf16fp32_mmla_8x3VL; compatible=sve_interleaved_bf16fp32_mmla_8x3VL|sve_hybrid_bf16fp32_mmla_6x4VL|sve_hybrid_bf16fp32_dot_6x4VL|sve_interleaved_bf16fp32_dot_8x3VL|a64_hybrid_bf16fp32_mmla_6x16|a64_interleaved_bf16fp32_mmla_8x12|a64_hybrid_bf16fp32_dot_6x16|a64_interleaved_bf16fp32_dot_8x12|a64_sgemm_8x12
acl,acl_auto,i8,GT_L2,512,1024,1024,8,3584.0,8,2587.613,ok,selected=sve_interleaved_s8s32_mmla_8x3VL; compatible=sve_hybrid_s8s32_mmla_6x4VL|sve_interleaved_s8s32_mmla_8x3VL|sve_hybrid_s8s32_dot_6x4VL|sve_interleaved_s8s32_dot_8x3VL|a64_interleaved_s8s32_mmla_8x12|a64_hybrid_s8s32_mmla_6x16|a64_gemm_s16_8x12|a64_hybrid_s8s32_dot_6x16|a64_gemm_s8_8x12|a64_gemm_s8_4x4
kleidiai,kleidiai_bf16_neon_mmla,bf16,GT_L2,512,1024,1024,8,5140.0,8,1062.939,ok,fixed=kai_matmul_clamp_f32_bf16p8x4_bf16p12x4b_8x12_neon_mmla; instr=bfmmla; omp=m_blocks
kleidiai,kleidiai_i8_neon_i8mm,i8,GT_L2,512,1024,1024,8,3600.0,8,2070.167,ok,fixed=kai_matmul_clamp_f32_qai8dxp4x8_qsi8cxp4x8_16x4_neon_i8mm; instr=smmla; output=f32_dequant; omp=m_blocks
i8gemm,i8gemm_sve,bf16,GT_L2,2048,4096,8192,1,147456.0,3,275.58,ok,
i8gemm,i8gemm_sve,i8,GT_L2,2048,4096,8192,1,106496.0,3,550.18,ok,
i8gemm,i8gemm_neon,bf16,GT_L2,2048,4096,8192,1,147456.0,3,142.97,ok,
i8gemm,i8gemm_neon,i8,GT_L2,2048,4096,8192,1,106496.0,3,300.64,ok,
acl,acl_auto,bf16,GT_L2,2048,4096,8192,1,147456.0,3,249.717,ok,selected=sve_interleaved_bf16fp32_mmla_8x3VL; compatible=sve_interleaved_bf16fp32_mmla_8x3VL|sve_hybrid_bf16fp32_mmla_6x4VL|sve_hybrid_bf16fp32_dot_6x4VL|sve_interleaved_bf16fp32_dot_8x3VL|a64_hybrid_bf16fp32_mmla_6x16|a64_interleaved_bf16fp32_mmla_8x12|a64_hybrid_bf16fp32_dot_6x16|a64_interleaved_bf16fp32_dot_8x12|a64_sgemm_8x12
acl,acl_auto,i8,GT_L2,2048,4096,8192,1,106496.0,3,496.472,ok,selected=sve_interleaved_s8s32_mmla_8x3VL; compatible=sve_hybrid_s8s32_mmla_6x4VL|sve_interleaved_s8s32_mmla_8x3VL|sve_hybrid_s8s32_dot_6x4VL|sve_interleaved_s8s32_dot_8x3VL|a64_interleaved_s8s32_mmla_8x12|a64_hybrid_s8s32_mmla_6x16|a64_gemm_s16_8x12|a64_hybrid_s8s32_dot_6x16|a64_gemm_s8_8x12|a64_gemm_s8_4x4
kleidiai,kleidiai_bf16_neon_mmla,bf16,GT_L2,2048,4096,8192,1,147520.0,3,189.303,ok,fixed=kai_matmul_clamp_f32_bf16p8x4_bf16p12x4b_8x12_neon_mmla; instr=bfmmla; omp=m_blocks
kleidiai,kleidiai_i8_neon_i8mm,i8,GT_L2,2048,4096,8192,1,106608.0,3,280.363,ok,fixed=kai_matmul_clamp_f32_qai8dxp4x8_qsi8cxp4x8_16x4_neon_i8mm; instr=smmla; output=f32_dequant; omp=m_blocks
i8gemm,i8gemm_sve,bf16,GT_L2,2048,4096,8192,2,147456.0,3,445.76,ok,
i8gemm,i8gemm_sve,i8,GT_L2,2048,4096,8192,2,106496.0,3,744.16,ok,
i8gemm,i8gemm_neon,bf16,GT_L2,2048,4096,8192,2,147456.0,3,281.37,ok,
i8gemm,i8gemm_neon,i8,GT_L2,2048,4096,8192,2,106496.0,3,585.71,ok,
acl,acl_auto,bf16,GT_L2,2048,4096,8192,2,147456.0,3,418.676,ok,selected=sve_interleaved_bf16fp32_mmla_8x3VL; compatible=sve_interleaved_bf16fp32_mmla_8x3VL|sve_hybrid_bf16fp32_mmla_6x4VL|sve_hybrid_bf16fp32_dot_6x4VL|sve_interleaved_bf16fp32_dot_8x3VL|a64_hybrid_bf16fp32_mmla_6x16|a64_interleaved_bf16fp32_mmla_8x12|a64_hybrid_bf16fp32_dot_6x16|a64_interleaved_bf16fp32_dot_8x12|a64_sgemm_8x12
acl,acl_auto,i8,GT_L2,2048,4096,8192,2,106496.0,3,841.133,ok,selected=sve_interleaved_s8s32_mmla_8x3VL; compatible=sve_hybrid_s8s32_mmla_6x4VL|sve_interleaved_s8s32_mmla_8x3VL|sve_hybrid_s8s32_dot_6x4VL|sve_interleaved_s8s32_dot_8x3VL|a64_interleaved_s8s32_mmla_8x12|a64_hybrid_s8s32_mmla_6x16|a64_gemm_s16_8x12|a64_hybrid_s8s32_dot_6x16|a64_gemm_s8_8x12|a64_gemm_s8_4x4
kleidiai,kleidiai_bf16_neon_mmla,bf16,GT_L2,2048,4096,8192,2,147520.0,3,295.131,ok,fixed=kai_matmul_clamp_f32_bf16p8x4_bf16p12x4b_8x12_neon_mmla; instr=bfmmla; omp=m_blocks
kleidiai,kleidiai_i8_neon_i8mm,i8,GT_L2,2048,4096,8192,2,106608.0,3,531.676,ok,fixed=kai_matmul_clamp_f32_qai8dxp4x8_qsi8cxp4x8_16x4_neon_i8mm; instr=smmla; output=f32_dequant; omp=m_blocks
i8gemm,i8gemm_sve,bf16,GT_L2,2048,4096,8192,4,147456.0,3,803.34,ok,
i8gemm,i8gemm_sve,i8,GT_L2,2048,4096,8192,4,106496.0,3,1396.15,ok,
i8gemm,i8gemm_neon,bf16,GT_L2,2048,4096,8192,4,147456.0,3,484.67,ok,
i8gemm,i8gemm_neon,i8,GT_L2,2048,4096,8192,4,106496.0,3,1045.07,ok,
acl,acl_auto,bf16,GT_L2,2048,4096,8192,4,147456.0,3,751.107,ok,selected=sve_interleaved_bf16fp32_mmla_8x3VL; compatible=sve_interleaved_bf16fp32_mmla_8x3VL|sve_hybrid_bf16fp32_mmla_6x4VL|sve_hybrid_bf16fp32_dot_6x4VL|sve_interleaved_bf16fp32_dot_8x3VL|a64_hybrid_bf16fp32_mmla_6x16|a64_interleaved_bf16fp32_mmla_8x12|a64_hybrid_bf16fp32_dot_6x16|a64_interleaved_bf16fp32_dot_8x12|a64_sgemm_8x12
acl,acl_auto,i8,GT_L2,2048,4096,8192,4,106496.0,3,1509.078,ok,selected=sve_interleaved_s8s32_mmla_8x3VL; compatible=sve_hybrid_s8s32_mmla_6x4VL|sve_interleaved_s8s32_mmla_8x3VL|sve_hybrid_s8s32_dot_6x4VL|sve_interleaved_s8s32_dot_8x3VL|a64_interleaved_s8s32_mmla_8x12|a64_hybrid_s8s32_mmla_6x16|a64_gemm_s16_8x12|a64_hybrid_s8s32_dot_6x16|a64_gemm_s8_8x12|a64_gemm_s8_4x4
kleidiai,kleidiai_bf16_neon_mmla,bf16,GT_L2,2048,4096,8192,4,147520.0,3,561.233,ok,fixed=kai_matmul_clamp_f32_bf16p8x4_bf16p12x4b_8x12_neon_mmla; instr=bfmmla; omp=m_blocks
kleidiai,kleidiai_i8_neon_i8mm,i8,GT_L2,2048,4096,8192,4,106608.0,3,984.653,ok,fixed=kai_matmul_clamp_f32_qai8dxp4x8_qsi8cxp4x8_16x4_neon_i8mm; instr=smmla; output=f32_dequant; omp=m_blocks
i8gemm,i8gemm_sve,bf16,GT_L2,2048,4096,8192,8,147456.0,3,1325.51,ok,
i8gemm,i8gemm_sve,i8,GT_L2,2048,4096,8192,8,106496.0,3,2498.98,ok,
